{
    "loss": 0.4039815068244934,
    "accuracy": 0.9403669834136963
}