{
    "loss": 1.201406717300415,
    "accuracy": 0.8899082541465759
}